Name,Mean,MeanLB,MeanUB,Stddev,StddevLB,StddevUB
from_scratch,0.33193183744636673,0.328910527129968,0.3347570296997825,3.863407755688811e-3,1.6771675822270728e-3,5.30024971568575e-3
caching,0.48239546983192366,0.47047821432352066,0.49282326735556126,1.303249185603806e-2,6.15542072486326e-3,1.6838571713987647e-2
incremental,1.0256228663610172e-5,1.0232272543296602e-5,1.0279384908511186e-5,7.785606315399543e-8,6.601445457747657e-8,9.775858187816318e-8
