Name,Mean,MeanLB,MeanUB,Stddev,StddevLB,StddevUB
from_scratch,1.8496778785657907e-3,1.8460924012489517e-3,1.8529981047053562e-3,1.168517536038967e-5,9.412428011634548e-6,1.4802844409911251e-5
caching,3.491574060794713e-3,3.484537402740854e-3,3.4999894094043756e-3,2.4049756047366392e-5,1.9915693296676506e-5,3.169936673899506e-5
incremental,4.4827281699913595e-5,4.476109054256705e-5,4.489530488495073e-5,2.1234927561502367e-7,1.7834103967733858e-7,2.5932840970008393e-7
