Name,Mean,MeanLB,MeanUB,Stddev,StddevLB,StddevUB
from_scratch,0.5712172150767098,0.5675381793795774,0.5741376206278801,4.1422279395581674e-3,3.3781578125974495e-3,4.614439480460419e-3
caching,0.9727567478548735,0.9580469727516174,0.9887080367188901,1.8129454443352667e-2,7.648113649338484e-3,2.5139489513858224e-2
incremental,5.280880458638924e-5,5.271476311699562e-5,5.2944251201056626e-5,3.68577497833125e-7,2.6709723254957305e-7,4.960010635919818e-7
