Name,Mean,MeanLB,MeanUB,Stddev,StddevLB,StddevUB
from_scratch,1.3116431856747442e-3,1.3029576290532047e-3,1.3192882188680483e-3,2.8344030568951987e-5,2.342917267417809e-5,3.402933034271586e-5
caching,2.007153357885791e-3,1.9941108311064717e-3,2.019952929262418e-3,4.341406011533393e-5,3.6703042058187666e-5,5.016228215841707e-5
incremental,7.648500317298611e-6,7.630603024940009e-6,7.700961444925965e-6,9.182308323400999e-8,3.869112549571328e-8,1.892597729456072e-7
