Name,Mean,MeanLB,MeanUB,Stddev,StddevLB,StddevUB
from_scratch,8.548533624180297e-5,8.533853607671873e-5,8.566739427448804e-5,5.479088926758039e-7,4.5908455491541705e-7,6.666706850877503e-7
caching,1.191203779698854e-4,1.1887573765291609e-4,1.1942722499804139e-4,9.241139755142239e-7,7.354086066684741e-7,1.1880209883514344e-6
incremental,4.177048821170358e-5,4.167932135918854e-5,4.1865489310926094e-5,3.165322550658519e-7,2.6815178586548973e-7,3.910520342325804e-7
