Name,Mean,MeanLB,MeanUB,Stddev,StddevLB,StddevUB
from_scratch,2.3085137535615722e-4,2.3039515521069097e-4,2.313910872301175e-4,1.7080508429344889e-6,1.1966689764475932e-6,2.894979844681232e-6
caching,3.288314744647124e-4,3.2822023734772817e-4,3.2932595777519785e-4,1.8260985022471727e-6,1.5467583345638658e-6,2.168163901409848e-6
incremental,4.345534744867575e-5,4.337314792239117e-5,4.354262342564769e-5,2.920360246804788e-7,2.345733888131436e-7,3.6803401296826045e-7
