Name,Mean,MeanLB,MeanUB,Stddev,StddevLB,StddevUB
from_scratch,7.058952836467174e-6,7.047103431966046e-6,7.078365304515452e-6,4.974735837775947e-8,3.3785949442638927e-8,7.938566679291891e-8
caching,8.931702610567894e-6,8.91791825525837e-6,8.944604922991121e-6,4.649832122364841e-8,3.908749864566236e-8,5.5271194892240374e-8
incremental,5.39825528212605e-6,5.387188253908614e-6,5.4089491215361284e-6,3.563982862142163e-8,2.8684510933905746e-8,4.562133834102714e-8
