Name,Mean,MeanLB,MeanUB,Stddev,StddevLB,StddevUB
from_scratch,8.429376810161056e-5,8.414453216773097e-5,8.45222507083433e-5,6.36613861548402e-7,4.467290160358331e-7,1.0598496653591471e-6
caching,2.5262584577715467e-4,2.5219281312286384e-4,2.532023966832984e-4,1.6539975157015795e-6,1.3597118556820798e-6,2.1288421827422577e-6
incremental,3.372340047931727e-5,3.3663252957256615e-5,3.3787771006246864e-5,2.1863021758499254e-7,1.8140383195979966e-7,2.68781893088067e-7
