Name,Mean,MeanLB,MeanUB,Stddev,StddevLB,StddevUB
from_scratch,8.385861731609883e-5,8.373154429837646e-5,8.399157915695639e-5,4.621500081651465e-7,3.799395056134436e-7,5.941714252354454e-7
caching,2.508177413461354e-4,2.50400934195166e-4,2.511515776943177e-4,1.2644730780148842e-6,1.0557196993597716e-6,1.770369196748284e-6
incremental,3.4227424974893434e-5,3.418209202703191e-5,3.426646692649199e-5,1.4309339472006485e-7,1.210581059203494e-7,1.7571044711164057e-7
