Name,Mean,MeanLB,MeanUB,Stddev,StddevLB,StddevUB
from_scratch,4.309925532348883e-4,4.304360374580404e-4,4.3157990872846034e-4,1.976807796252483e-6,1.647847971235091e-6,2.3856202525784264e-6
caching,6.708449929080292e-4,6.697539445125373e-4,6.718511538056398e-4,3.68772696554249e-6,3.044176978870263e-6,4.560961557696053e-6
incremental,7.566790644056236e-6,7.55652143902502e-6,7.57814824924391e-6,3.6427506778269875e-8,2.9364237116804884e-8,4.824472361105106e-8
