Name,Mean,MeanLB,MeanUB,Stddev,StddevLB,StddevUB
from_scratch,3.7687334347196807e-5,3.7604396523272395e-5,3.782799048499324e-5,3.5071117325387527e-7,2.0020621998722316e-7,5.412037580856316e-7
caching,1.1667315148139874e-4,1.164630905333163e-4,1.1692729145151906e-4,7.434792111441316e-7,6.116453845547957e-7,9.525917161536701e-7
incremental,1.7252943907967275e-4,1.7222735260372836e-4,1.7287368775916785e-4,1.1074164443019322e-6,9.437779177735275e-7,1.3319036070498792e-6
