Name,Mean,MeanLB,MeanUB,Stddev,StddevLB,StddevUB
from_scratch,3.818936106705255e-5,3.814510773210823e-5,3.82353544995493e-5,1.5307107627111502e-7,1.2804202499042147e-7,1.8655743858896535e-7
caching,1.1274598582730776e-4,1.1259868493339576e-4,1.1285666200869369e-4,4.561169803737867e-7,3.751530104448226e-7,6.125186580617311e-7
incremental,1.7508086516078588e-4,1.748383356660958e-4,1.7537052597319246e-4,9.193290728666128e-7,7.172774469138462e-7,1.2470070845836427e-6
