Name,Mean,MeanLB,MeanUB,Stddev,StddevLB,StddevUB
from_scratch,3.0167009207176525e-3,3.0037363020018982e-3,3.028946523769258e-3,3.946188683051231e-5,3.2708272202820396e-5,4.9496929914237195e-5
caching,4.39807714769817e-3,4.381943736551978e-3,4.418397945348291e-3,5.396263727994084e-5,4.3178252675828806e-5,7.220631234067251e-5
incremental,7.9477280423497e-6,7.93298357531213e-6,7.968957916307927e-6,5.825373722459887e-8,4.3035138478156364e-8,7.717754698046327e-8
