Name,Mean,MeanLB,MeanUB,Stddev,StddevLB,StddevUB
from_scratch,1.4821703244405365e-4,1.479879839890232e-4,1.4846485391298511e-4,8.279123273088289e-7,6.961292700797927e-7,1.0934691631942605e-6
caching,4.4659713423973583e-4,4.452191770802661e-4,4.515287457479809e-4,7.741112835371664e-6,2.837689099945418e-6,1.5668716050684695e-5
incremental,4.558565741005953e-5,4.552732578858539e-5,4.566024602231046e-5,2.1721643677868684e-7,1.666497257542887e-7,2.96137158643525e-7
