Name,Mean,MeanLB,MeanUB,Stddev,StddevLB,StddevUB
from_scratch,1.4897607468304408e-4,1.4860280026782148e-4,1.493849671340022e-4,1.297663881668543e-6,1.0264121470137289e-6,1.7178221047410361e-6
caching,4.469136914083391e-4,4.45956459010713e-4,4.487473205268474e-4,4.14983299806915e-6,2.6121940178973018e-6,7.185790671095608e-6
incremental,4.415507643166546e-5,4.404730338353883e-5,4.430787345085071e-5,4.4278564796590645e-7,2.952528870678056e-7,6.580991262224874e-7
