Name,Mean,MeanLB,MeanUB,Stddev,StddevLB,StddevUB
from_scratch,1.0855818877117665e-5,1.0836578002457672e-5,1.087668588317205e-5,6.680225822898428e-8,5.4039683790410324e-8,8.943775265029303e-8
caching,3.2105090530414056e-5,3.2067282089515785e-5,3.2147769986559636e-5,1.4117374722728808e-7,1.1973645681544542e-7,1.642527693287816e-7
incremental,7.305203499359859e-5,7.293364266763305e-5,7.317992639694925e-5,3.964014674239228e-7,3.0928643443463523e-7,5.459811855932395e-7
