Name,Mean,MeanLB,MeanUB,Stddev,StddevLB,StddevUB
from_scratch,1.095530301134733e-5,1.0930805152631521e-5,1.0992432904491987e-5,1.0060275593487568e-7,8.026883971801211e-8,1.412882008882654e-7
caching,3.245933367702041e-5,3.240182512819131e-5,3.252637450034873e-5,2.1163183194580032e-7,1.7309722128128968e-7,2.803094776423515e-7
incremental,7.28572016641715e-5,7.272037152533524e-5,7.303889779817391e-5,5.272586423894351e-7,4.4417999012739546e-7,6.669925919931755e-7
