Name,Mean,MeanLB,MeanUB,Stddev,StddevLB,StddevUB
from_scratch,3.4629053901769157e-6,3.4562567674039045e-6,3.470786978999574e-6,2.4761407844777384e-8,2.1367654243420423e-8,3.1651179121227406e-8
caching,4.590541991845302e-6,4.582096250709941e-6,4.5980242236298005e-6,2.7425172826592624e-8,2.2937180104210536e-8,3.356337581904116e-8
incremental,4.972521796340025e-6,4.963692312446727e-6,4.982884503833053e-6,3.043425395604602e-8,2.427183788507623e-8,4.2338980393996277e-8
