Name,Mean,MeanLB,MeanUB,Stddev,StddevLB,StddevUB
from_scratch,5.454415308129737e-4,5.440675991984821e-4,5.474453431368848e-4,5.455533611973011e-6,4.176779702149928e-6,8.190206219159128e-6
caching,1.6874082527463033e-3,1.6826272123369637e-3,1.6938725283019817e-3,1.920106669139469e-5,1.390983456710843e-5,2.689531628906872e-5
incremental,6.962655208765776e-5,6.947721863133466e-5,6.979919869927692e-5,5.345579041738838e-7,4.4649304468482476e-7,7.064082380861693e-7
