Name,Mean,MeanLB,MeanUB,Stddev,StddevLB,StddevUB
from_scratch,5.517607832791206e-4,5.505604112545357e-4,5.526733334627889e-4,3.7114030473993242e-6,3.160954183692914e-6,4.474664057509454e-6
caching,1.6992847566345275e-3,1.6953400976148316e-3,1.7025666663241954e-3,1.2009009008738625e-5,1.0060103014401895e-5,1.593106529971289e-5
incremental,7.09030140107484e-5,7.08112257548385e-5,7.101344191799548e-5,3.3240264109511183e-7,2.720510229760925e-7,4.2033794126065873e-7
