Name,Mean,MeanLB,MeanUB,Stddev,StddevLB,StddevUB
from_scratch,4.2555733468733153e-7,4.2397744684610165e-7,4.305901162021362e-7,8.764176737599554e-9,4.884948793461564e-9,1.5627606365813528e-8
caching,5.599545729565216e-7,5.590804470999833e-7,5.607839428500102e-7,2.8302936810004183e-9,2.231881216525859e-9,3.799082464306996e-9
incremental,3.7569236202398942e-6,3.750175744923094e-6,3.7653799635432084e-6,2.5046466198021742e-8,2.027570249818159e-8,3.260604700775392e-8
