Name,Mean,MeanLB,MeanUB,Stddev,StddevLB,StddevUB
from_scratch,3.727177295816199e-7,3.720539257984943e-7,3.7349051689547276e-7,2.389243943687321e-9,2.0205185822033923e-9,2.7942462918894862e-9
caching,5.649664300699724e-7,5.641688539539753e-7,5.661732039052799e-7,3.2697783874326286e-9,2.414487691090893e-9,4.690737683042106e-9
incremental,3.3048731462569204e-6,3.2970679079041512e-6,3.3146291205296126e-6,2.9888661021998284e-8,2.342436236991029e-8,4.042253317509089e-8
