Name,Mean,MeanLB,MeanUB,Stddev,StddevLB,StddevUB
from_scratch,3.9983861627010316e-7,3.991812396273872e-7,4.0064854344577437e-7,2.361678814392752e-9,1.7934072359064672e-9,3.6592376110128808e-9
caching,5.423248296320246e-7,5.403156216347939e-7,5.471845269860197e-7,8.947477338984991e-9,5.02076101637854e-9,1.5868744268340814e-8
incremental,3.7934079422370784e-6,3.7862778740727433e-6,3.802534868319218e-6,2.5663581248867087e-8,2.0376271478778475e-8,3.1753802013416364e-8
