Name,Mean,MeanLB,MeanUB,Stddev,StddevLB,StddevUB
from_scratch,2.794593286889264e-6,2.7903586878388e-6,2.8032301914116305e-6,1.924614323845171e-8,1.2436128224383882e-8,3.166701771280976e-8
caching,5.874199200722452e-6,5.865578054457052e-6,5.888588480014453e-6,3.720762063145437e-8,2.4970966950272047e-8,6.293351266826647e-8
incremental,3.3973382479575635e-5,3.388322130217032e-5,3.4154286389912136e-5,4.1144552558057556e-7,2.260378859233355e-7,7.557019053305112e-7
