Name,Mean,MeanLB,MeanUB,Stddev,StddevLB,StddevUB
from_scratch,3.6965892168922374e-5,3.676957994769577e-5,3.725231446580356e-5,7.912371493006629e-7,6.627445578042617e-7,1.064159452989889e-6
caching,5.495589158101031e-5,5.478121310487093e-5,5.514542624404274e-5,6.160022669373832e-7,5.598798745923249e-7,6.895385756171488e-7
incremental,3.809271859801716e-5,3.7914243042520655e-5,3.8302996666772266e-5,6.44368271033775e-7,5.560477031956395e-7,8.291628176711763e-7
