Name,Mean,MeanLB,MeanUB,Stddev,StddevLB,StddevUB
from_scratch,2.324944400295381e-5,2.316728885757974e-5,2.33631642405362e-5,3.366119239807179e-7,2.69568600509681e-7,4.127000450940305e-7
caching,2.892991508927298e-5,2.8849831081986634e-5,2.9043198546981437e-5,3.016512944923257e-7,2.2792469283399888e-7,3.935759721922993e-7
incremental,5.626172237677149e-6,5.610618834506363e-6,5.655214169530255e-6,7.121077580619239e-8,4.1972033656073255e-8,1.1101001966194226e-7
