Name,Mean,MeanLB,MeanUB,Stddev,StddevLB,StddevUB
from_scratch,2.531236757063799e-3,2.5278061582140474e-3,2.534640549271848e-3,1.192572705498923e-5,9.966851488894898e-6,1.5612335250636414e-5
caching,4.61165353597775e-3,4.603701408315761e-3,4.625300806822641e-3,3.206922586514325e-5,2.0209883321977906e-5,5.3908460002978606e-5
incremental,4.589062712068234e-5,4.585392088909558e-5,4.5930589890186044e-5,1.2906841504238574e-7,1.0514521840144216e-7,1.7613394985595825e-7
