Name,Mean,MeanLB,MeanUB,Stddev,StddevLB,StddevUB
from_scratch,5.368025701070712e-5,5.3443433417989056e-5,5.430525357505054e-5,1.2239781439576295e-6,3.786602985498282e-7,2.361696407577259e-6
caching,7.435514413626899e-5,7.421682160517392e-5,7.449244899748763e-5,4.853254290788733e-7,4.040096022020006e-7,6.134804591153936e-7
incremental,4.04524713680331e-5,4.037293638060561e-5,4.0548831130485275e-5,2.8529504509879e-7,2.3204163475329954e-7,4.169442979910266e-7
