Name,Mean,MeanLB,MeanUB,Stddev,StddevLB,StddevUB
from_scratch,2.8309314218371682e-5,2.8251726118992835e-5,2.839920870982486e-5,2.384652809106922e-7,1.7292363650275804e-7,4.0537873140487635e-7
caching,3.476112755980144e-5,3.469577336806557e-5,3.482210745306036e-5,2.11858644978119e-7,1.7477950939180734e-7,2.6976316684733523e-7
incremental,6.31053523130299e-6,6.295741551055922e-6,6.332714769267635e-6,6.027428226033325e-8,4.728491399796141e-8,8.884375826228066e-8
