Name,Mean,MeanLB,MeanUB,Stddev,StddevLB,StddevUB
from_scratch,1.3348210566705475e-2,1.331068928732833e-2,1.3379582606437347e-2,8.933924261415193e-5,4.263057263137537e-5,1.5638545754346556e-4
caching,2.2543620216926765e-2,2.2470542715894187e-2,2.2618602149862166e-2,1.6261027489176063e-4,1.2651712294601747e-4,2.4174241781736288e-4
incremental,4.857343436260818e-5,4.846286918995373e-5,4.87307600748042e-5,4.507579292725368e-7,3.5907183351892455e-7,5.359409442807872e-7
