Name,Mean,MeanLB,MeanUB,Stddev,StddevLB,StddevUB
from_scratch,2.699002634061013e-4,2.695283193099335e-4,2.703687532867052e-4,1.4347857803642213e-6,1.165198027522536e-6,1.8666676687866074e-6
caching,3.8844641056419893e-4,3.8763556471441515e-4,3.89313340064461e-4,2.778812943888631e-6,2.2371073116877743e-6,3.6290818132380507e-6
incremental,4.348360802723163e-5,4.338766286216518e-5,4.35898729798991e-5,3.4414095317202077e-7,2.7538486311036996e-7,4.514537388158873e-7
