Name,Mean,MeanLB,MeanUB,Stddev,StddevLB,StddevUB
from_scratch,3.260640021656857e-5,3.252172221195222e-5,3.2807559126281684e-5,4.098429517556563e-7,2.2357411929296423e-7,7.630099872388789e-7
caching,4.030360935840743e-5,4.0217626171358794e-5,4.0453940376331946e-5,3.8565730959902446e-7,2.702751448239106e-7,6.050532337733614e-7
incremental,6.291292830836818e-6,6.28063090188677e-6,6.302864137670823e-6,3.874159884979465e-8,3.203212718558148e-8,4.955971608592363e-8
