Name,Mean,MeanLB,MeanUB,Stddev,StddevLB,StddevUB
from_scratch,6.330735059415153e-7,6.322104146790801e-7,6.342705915113198e-7,3.339871191350695e-9,2.570374550740947e-9,4.973015254352418e-9
caching,9.302289355406418e-7,9.28471360368304e-7,9.32729698931677e-7,6.759247751386031e-9,4.742261305396325e-9,9.387113029652668e-9
incremental,3.3153507246888733e-6,3.3083733135320523e-6,3.3234889752804187e-6,2.5606405093070575e-8,1.9681884192541418e-8,3.221285102949724e-8
