Name,Mean,MeanLB,MeanUB,Stddev,StddevLB,StddevUB
from_scratch,1.1110697199811163e-3,1.1080136089336497e-3,1.1143889203683198e-3,1.0999282690870215e-5,8.966613206152363e-6,1.370047614774936e-5
caching,2.8551154210784027e-3,2.8472678223130632e-3,2.8630389663376627e-3,2.66173092236307e-5,2.2418847403526206e-5,3.3655331571788006e-5
incremental,1.0135040424384545e-4,1.0116865684031377e-4,1.0155571449890858e-4,6.463445268390446e-7,5.670143957886932e-7,7.574469038837643e-7
