Name,Mean,MeanLB,MeanUB,Stddev,StddevLB,StddevUB
from_scratch,1.1374937036836377e-3,1.1347704375015625e-3,1.1417507122612814e-3,1.0574661723316103e-5,7.707138595130338e-6,1.7253384861354627e-5
caching,2.889260189473578e-3,2.8817936469380002e-3,2.895178714270848e-3,2.169467876322654e-5,1.622735147863078e-5,2.981793182934423e-5
incremental,1.0263107841428333e-4,1.0249657920015006e-4,1.0284688078038234e-4,5.784876909200391e-7,3.9597286967095883e-7,9.019149635408309e-7
