Name,Mean,MeanLB,MeanUB,Stddev,StddevLB,StddevUB
from_scratch,3.742799426512998e-5,3.737048712124047e-5,3.748413151704805e-5,1.839194795606656e-7,1.5432482880115503e-7,2.180943640987052e-7
caching,1.1524392283316826e-4,1.1509574037421335e-4,1.1541456987106747e-4,5.372815162328207e-7,4.3612160117676053e-7,6.585061052330877e-7
incremental,2.289679558171429e-5,2.2857092832533244e-5,2.2932515250033933e-5,1.2740820508822793e-7,1.073151119204563e-7,1.5297732372762847e-7
