Name,Mean,MeanLB,MeanUB,Stddev,StddevLB,StddevUB
from_scratch,3.712948669699725e-5,3.706327705743585e-5,3.7206203054947134e-5,2.4525202321394033e-7,2.0659284169932124e-7,2.9877939881377146e-7
caching,1.157915739273384e-4,1.1552924362790475e-4,1.1610469611394643e-4,9.394767177076273e-7,6.920077268063295e-7,1.5271907191761709e-6
incremental,2.311216008711394e-5,2.303681439747456e-5,2.321505724259288e-5,2.815140136243994e-7,2.043975944950456e-7,3.9818980684168227e-7
