Name,Mean,MeanLB,MeanUB,Stddev,StddevLB,StddevUB
from_scratch,6.646955910378163e-3,6.632272387095503e-3,6.663508489583522e-3,4.5634300023354295e-5,3.77448173663607e-5,6.006490467469803e-5
caching,9.923161702464364e-3,9.90400446905543e-3,9.953739406102327e-3,6.450931701500477e-5,4.516346530711557e-5,9.117114681613654e-5
incremental,8.322980977401172e-6,8.310924281229388e-6,8.341113775644046e-6,4.8021632363779316e-8,3.5390038541774456e-8,7.145068236773487e-8
