Name,Mean,MeanLB,MeanUB,Stddev,StddevLB,StddevUB
from_scratch,7.852714320478094e-4,7.841087283898243e-4,7.862848877667797e-4,3.5569482456168477e-6,2.7648368530610456e-6,5.043472780297987e-6
caching,1.4059758167310338e-3,1.3951557416805394e-3,1.4210979910894623e-3,4.2271004850657225e-5,3.179684426743546e-5,5.3373853732308994e-5
incremental,4.3855589780773115e-5,4.379197017859003e-5,4.3932995586004295e-5,2.3522744151308344e-7,1.9224369918378146e-7,3.015562651337606e-7
