Name,Mean,MeanLB,MeanUB,Stddev,StddevLB,StddevUB
from_scratch,1.555441460352377e-4,1.5511885895586354e-4,1.5611205514376718e-4,1.6798685308778817e-6,1.237910067255185e-6,2.4401124315057414e-6
caching,2.1684196707484046e-4,2.1643681049513552e-4,2.172535129394942e-4,1.405309942164162e-6,1.1928904246300973e-6,1.7140744695112226e-6
incremental,4.279628848122986e-5,4.271057592573088e-5,4.292313974460697e-5,3.581055473803851e-7,2.4657184395358957e-7,5.944622086890359e-7
