Name,Mean,MeanLB,MeanUB,Stddev,StddevLB,StddevUB
from_scratch,2.888605496535814e-2,2.85870091617516e-2,2.9133686997089327e-2,6.025402377948177e-4,4.3686514675667516e-4,8.786401555116679e-4
caching,4.8220392937262165e-2,4.732043277598968e-2,4.938418531871807e-2,2.103667267866567e-3,1.388710631617177e-3,2.6099035904310172e-3
incremental,4.8000249150382123e-5,4.780838458869213e-5,4.837324985436901e-5,8.152788240692922e-7,4.611445939968615e-7,1.2734821064782497e-6
