Name,Mean,MeanLB,MeanUB,Stddev,StddevLB,StddevUB
from_scratch,11.149333453193927,10.910511834469313,11.285299084770182,0.232410466169291,7.646344849287315e-2,0.3139991759643531
caching,17.650832584593445,17.207194356247783,18.429901387076825,0.7702331560112553,8.45010642464783e-4,1.0236935915902425
incremental,5.7527165896862105e-5,5.74537915570637e-5,5.7616844096041584e-5,2.74608871219103e-7,2.25377750646644e-7,3.470122580152885e-7
