Name,Mean,MeanLB,MeanUB,Stddev,StddevLB,StddevUB
from_scratch,3.0672840980712395e-3,3.061567560813773e-3,3.073575618594605e-3,2.050077160495041e-5,1.6499047925734872e-5,2.62003059883778e-5
caching,5.612216925411005e-3,5.589381657678392e-3,5.6301861837186155e-3,6.322617796700262e-5,4.7161763133018954e-5,9.49583779072717e-5
incremental,4.606563139972336e-5,4.59875656315941e-5,4.622196921857695e-5,3.626817976341911e-7,2.1983722482708408e-7,6.918149107985753e-7
