Name,Mean,MeanLB,MeanUB,Stddev,StddevLB,StddevUB
from_scratch,4.94943795909142e-4,4.941782251661352e-4,4.957021955494297e-4,2.6516368611504097e-6,1.967969127553758e-6,4.132200617568229e-6
caching,7.784622618523076e-4,7.76318710827315e-4,7.803550358134703e-4,6.865301924849413e-6,5.716119472172301e-6,8.78723578300637e-6
incremental,7.538398849332011e-6,7.525494098629839e-6,7.5512475320260715e-6,4.289597312869549e-8,3.237187814176627e-8,5.694529556789679e-8
