Name,Mean,MeanLB,MeanUB,Stddev,StddevLB,StddevUB
from_scratch,3.7859590247379076e-4,3.7790463411028097e-4,3.794271608645141e-4,2.6136654863199447e-6,2.0679836213215283e-6,3.5273023459275396e-6
caching,1.259169913478428e-3,1.2542658570155894e-3,1.2654025394594791e-3,1.8825066199009985e-5,1.55161569180385e-5,2.578755492782469e-5
incremental,6.0078869079047195e-5,5.995617556209475e-5,6.033592776855376e-5,5.833591686075619e-7,3.5045919086158397e-7,1.0646896132064504e-6
