Name,Mean,MeanLB,MeanUB,Stddev,StddevLB,StddevUB
from_scratch,3.8434971697520103e-4,3.8365621233031394e-4,3.8545275127606544e-4,3.011356994333009e-6,2.0198727374513034e-6,4.7986354513779335e-6
caching,1.2623644835830776e-3,1.2579695013591964e-3,1.2666882132918644e-3,1.526890073037052e-5,1.2990561175900116e-5,1.8287945915386854e-5
incremental,6.037170258669193e-5,6.029006918605265e-5,6.0472343448748573e-5,3.0155571224992334e-7,2.4745704366158804e-7,3.611770295608904e-7
