Name,Mean,MeanLB,MeanUB,Stddev,StddevLB,StddevUB
from_scratch,1.1846942906896156e-4,1.1821646778257261e-4,1.1890471202253369e-4,1.0908172524932808e-6,7.706634271241573e-7,1.7526498219485619e-6
caching,1.6471627689426237e-4,1.6426372362430918e-4,1.652658359578273e-4,1.640901088983175e-6,1.220388993522522e-6,2.2505104755250366e-6
incremental,4.2354143355575804e-5,4.215109393372793e-5,4.2760745130168786e-5,9.527785253008758e-7,4.066727479159123e-7,1.6424676124525602e-6
