Name,Mean,MeanLB,MeanUB,Stddev,StddevLB,StddevUB
from_scratch,4.987849539583278e-3,4.978359829139827e-3,4.996355986137082e-3,2.7402728843987584e-5,2.1026403554393727e-5,3.619195767517917e-5
caching,8.86513936550352e-3,8.827290095713591e-3,8.895684725834387e-3,9.059864753854662e-5,6.77178918580642e-5,1.3086792655453606e-4
incremental,4.571283367485678e-5,4.563312883483214e-5,4.57847952534146e-5,2.436140635984835e-7,1.9938134309851314e-7,3.0601970225195e-7
