Name,Mean,MeanLB,MeanUB,Stddev,StddevLB,StddevUB
from_scratch,5.559919882654166e-4,5.548111579692256e-4,5.56927165203524e-4,3.526340109000829e-6,2.674311768644456e-6,4.8127493016844514e-6
caching,1.7039045310883064e-3,1.6947155005890325e-3,1.7268924068906677e-3,4.722011490751795e-5,2.8443407745303516e-5,8.888436849190875e-5
incremental,7.76511680771745e-4,7.751809025043682e-4,7.781842698229416e-4,5.015654496069015e-6,3.7514793788663406e-6,7.212008892386553e-6
