Name,Mean,MeanLB,MeanUB,Stddev,StddevLB,StddevUB
from_scratch,5.454705634803365e-4,5.439922249189253e-4,5.471044021619136e-4,5.110668902963812e-6,3.994240338772559e-6,6.891121570333079e-6
caching,1.6952117417671749e-3,1.6913224844668547e-3,1.6996180286591946e-3,1.3935074428467275e-5,1.1764661216017965e-5,1.7153505474040046e-5
incremental,7.616880583920995e-4,7.604284275160544e-4,7.630677878613197e-4,4.545215519202407e-6,3.717004801917329e-6,5.8535528235782455e-6
