Name,Mean,MeanLB,MeanUB,Stddev,StddevLB,StddevUB
from_scratch,1.5521103545074557e-3,1.5483219037664374e-3,1.555771277340919e-3,1.2986631136219768e-5,1.0142928700247866e-5,1.696600132137741e-5
caching,3.5427793585580468e-3,3.5353650881902146e-3,3.549696006797207e-3,2.3696434370200315e-5,1.8924377055610025e-5,3.20561879074921e-5
incremental,1.289565725943112e-3,1.286019140075702e-3,1.2936300689158158e-3,1.3699877073293947e-5,1.1091452537900004e-5,1.813252701144692e-5
