Name,Mean,MeanLB,MeanUB,Stddev,StddevLB,StddevUB
from_scratch,1.5282481927685544e-3,1.5231114130435184e-3,1.5329718267426936e-3,1.6752808672412533e-5,1.3905604830443211e-5,2.0284772987893292e-5
caching,3.524897384934315e-3,3.517949115253812e-3,3.5327021872855577e-3,2.3241467687664177e-5,1.844502619505412e-5,3.069527641226551e-5
incremental,1.2755797860329987e-3,1.2718254237092442e-3,1.2803191266159066e-3,1.4072027808339377e-5,1.1744699080751446e-5,1.8609892419019163e-5
