Name,Mean,MeanLB,MeanUB,Stddev,StddevLB,StddevUB
from_scratch,5.543671046047748e-4,5.53495092045857e-4,5.559394922304343e-4,3.690011021218389e-6,2.469905153030317e-6,5.6027930355016606e-6
caching,7.579375271277957e-4,7.557780626464491e-4,7.606165446389018e-4,8.299768995250378e-6,6.335983445545264e-6,1.1487949495569912e-5
incremental,7.177106963419494e-6,7.155151683898066e-6,7.210810376755896e-6,8.752368878308916e-8,6.52769105953545e-8,1.1835488931728905e-7
