Name,Mean,MeanLB,MeanUB,Stddev,StddevLB,StddevUB
from_scratch,5.663988135819528e-3,5.6520993772403785e-3,5.6764033448219635e-3,3.7470604004226936e-5,3.0491963989852607e-5,5.1011921724840675e-5
caching,9.940640464200288e-3,9.920366553899688e-3,9.973436182629088e-3,6.999288788350717e-5,4.660145004848556e-5,9.96733807486811e-5
incremental,4.752532185556653e-5,4.744969710531763e-5,4.7609793867947695e-5,2.659312381563443e-7,2.1837626819081925e-7,3.629900124888969e-7
