Name,Mean,MeanLB,MeanUB,Stddev,StddevLB,StddevUB
from_scratch,0.6916046395587424,0.6824973407201469,0.7021780644233028,1.1095844547223864e-2,5.156666775351003e-3,1.547713347668949e-2
caching,0.953341463037456,0.9318182625963042,0.9715516157448292,2.236093546078759e-2,1.726932885746163e-2,2.576592053566181e-2
incremental,1.0532512150506043e-5,1.051786605722609e-5,1.0551554265953665e-5,5.5948595412979324e-8,4.689678916394664e-8,7.944220752347763e-8
