Name,Mean,MeanLB,MeanUB,Stddev,StddevLB,StddevUB
from_scratch,2.164681527156662e-7,2.1616511206528357e-7,2.167739145083763e-7,1.0238121695341502e-9,7.955533146461594e-10,1.3219078183621293e-9
caching,7.084006529959607e-7,7.059208018307447e-7,7.108241782445934e-7,8.075077826816555e-9,7.140737879859795e-9,9.23683083818965e-9
incremental,3.7501643585160817e-6,3.7373444797809105e-6,3.7604307314461062e-6,3.933516565019272e-8,3.077872436352759e-8,5.537396973165513e-8
