Name,Mean,MeanLB,MeanUB,Stddev,StddevLB,StddevUB
from_scratch,2.0447313302623027e-7,2.042565446670863e-7,2.0468549348603155e-7,7.377542971843836e-10,5.868940812155153e-10,9.552656957948839e-10
caching,7.506041014173578e-7,7.494686897838235e-7,7.517177363049182e-7,3.8702875095280436e-9,3.3138522975127924e-9,4.575400715197191e-9
incremental,3.821158776495659e-6,3.8171178571611964e-6,3.8257534718844745e-6,1.5053066905675484e-8,1.3051760571187746e-8,1.7549576429142895e-8
