Name,Mean,MeanLB,MeanUB,Stddev,StddevLB,StddevUB
from_scratch,2.3730745373960434e-7,2.368330243202544e-7,2.3787572050375352e-7,1.7239831470169864e-9,1.3724444804525246e-9,2.169890544788019e-9
caching,8.456801892017889e-7,8.440221842878366e-7,8.473065530682276e-7,5.228952555075127e-9,4.1761272402689154e-9,7.2607133955508015e-9
incremental,3.92147130000129e-6,3.913007495122766e-6,3.929927311294411e-6,2.755755564193275e-8,2.2570164097929812e-8,3.418810662251052e-8
