Name,Mean,MeanLB,MeanUB,Stddev,StddevLB,StddevUB
from_scratch,1.0531665192137317e-5,1.0506250149703747e-5,1.0560735226060091e-5,9.785285295282775e-8,7.916604878676061e-8,1.307276282909993e-7
caching,1.354035328434361e-5,1.3460705917400552e-5,1.3628686989819887e-5,2.735253619023154e-7,2.3239829248891773e-7,3.2287764078051985e-7
incremental,5.199189329863154e-6,5.186818362268719e-6,5.22078252709644e-6,5.460436146314099e-8,3.880972506807401e-8,8.606247017506133e-8
