Name,Mean,MeanLB,MeanUB,Stddev,StddevLB,StddevUB
from_scratch,8.125277400452554e-4,8.106925219283529e-4,8.140373652389822e-4,5.784310416779525e-6,4.312736781984721e-6,8.644975840375673e-6
caching,2.3515061290035814e-3,2.343695582539321e-3,2.35893724834502e-3,2.6116710385737565e-5,2.0397995999387066e-5,3.488600727411521e-5
incremental,1.00101528508971e-3,9.990119798635414e-4,1.0031592202454748e-3,6.729720293530269e-6,5.47461932830189e-6,8.488644235069394e-6
