Name,Mean,MeanLB,MeanUB,Stddev,StddevLB,StddevUB
from_scratch,7.980770729101988e-4,7.957744565974743e-4,8.012514792551278e-4,9.053228714925806e-6,6.815814745962794e-6,1.2328086048830653e-5
caching,2.3572480369106583e-3,2.3475332334578266e-3,2.371212519407179e-3,4.199223424540733e-5,2.4364118341205158e-5,7.640049933986854e-5
incremental,9.99593583745955e-4,9.96460248375018e-4,1.0032976743467538e-3,1.2015800553826498e-5,9.367621545235409e-6,1.556239232244714e-5
