Name,Mean,MeanLB,MeanUB,Stddev,StddevLB,StddevUB
from_scratch,2.4888172174823226e-4,2.480860430343187e-4,2.5000152910074355e-4,3.128507484181452e-6,2.359251391611931e-6,4.32869886737919e-6
caching,3.1344074325133787e-4,3.129202440164254e-4,3.1403378525318666e-4,1.908649924950566e-6,1.4944187441039744e-6,2.569565583226578e-6
incremental,6.8516193785987e-6,6.8411400148292284e-6,6.864165041119959e-6,3.9654180451045776e-8,2.8900325625106515e-8,5.632457135554451e-8
