Name,Mean,MeanLB,MeanUB,Stddev,StddevLB,StddevUB
from_scratch,1.925644193047952e-5,1.921489702989785e-5,1.9303074272975463e-5,1.5811399748018012e-7,1.3598044950263122e-7,2.1173721866824513e-7
caching,2.4025893758607364e-5,2.3839081519597387e-5,2.472962018194129e-5,1.0594803913974328e-6,2.464165621166818e-7,2.198983446932117e-6
incremental,5.852500425587332e-6,5.837947768647029e-6,5.89395623855447e-6,7.332233851728771e-8,3.4372335944431746e-8,1.49993978740057e-7
