Name,Mean,MeanLB,MeanUB,Stddev,StddevLB,StddevUB
from_scratch,1.32459648341408e-6,1.32066083227765e-6,1.3302181165118246e-6,1.653377905748228e-8,1.2308503692154705e-8,2.0790140137916298e-8
caching,2.803816594852185e-6,2.7890622471252313e-6,2.8176097285447536e-6,4.872783167832595e-8,4.2368209575447446e-8,5.67978556447628e-8
incremental,3.386811999178283e-5,3.363482696680546e-5,3.409760856661344e-5,7.950835263584431e-7,6.863609713581445e-7,9.437286220882125e-7
