Name,Mean,MeanLB,MeanUB,Stddev,StddevLB,StddevUB
from_scratch,1.3181306063440421e-6,1.3155819672258807e-6,1.3208921679806532e-6,8.732354135315623e-9,7.103058645938739e-9,1.0879479467316584e-8
caching,2.406137869661877e-6,2.401643297154088e-6,2.410914726271353e-6,1.6280210031886474e-8,1.3652446291906991e-8,2.0058539472923088e-8
incremental,3.481605203001932e-5,3.4462400693745575e-5,3.607732871693373e-5,1.965270871241261e-6,3.1940634692888026e-7,4.35087498624459e-6
