Name,Mean,MeanLB,MeanUB,Stddev,StddevLB,StddevUB
from_scratch,1.2764605824682181e-6,1.2746423057295252e-6,1.2793930098128684e-6,7.711778884079449e-9,4.685091753446388e-9,1.2705284908589588e-8
caching,2.51008478982469e-6,2.5052887255752697e-6,2.5158741748218914e-6,1.7535186179613172e-8,1.4224166420229824e-8,2.2772784868738427e-8
incremental,3.373592346488393e-5,3.3673630717839035e-5,3.378916147389457e-5,1.9308265537893925e-7,1.58481341746416e-7,2.489671159828598e-7
