Name,Mean,MeanLB,MeanUB,Stddev,StddevLB,StddevUB
from_scratch,1.133965817571088e-6,1.1311547958134586e-6,1.1379457758142251e-6,1.0960539868841074e-8,8.20907925599928e-9,1.4449368899512055e-8
caching,1.6112841894276687e-6,1.6058391971410589e-6,1.6190860570832329e-6,2.2571839796436175e-8,1.4844931927895296e-8,3.056616185581111e-8
incremental,3.986343483900463e-6,3.9762628012993326e-6,4.0019640035631235e-6,4.053340579586039e-8,2.755809410756097e-8,5.657284432994352e-8
