Name,Mean,MeanLB,MeanUB,Stddev,StddevLB,StddevUB
from_scratch,2.4073725687385707e-5,2.4027803532085364e-5,2.4134490592909497e-5,1.7302466263357468e-7,1.3324012252817103e-7,2.415707603378063e-7
caching,3.480702836160663e-5,3.468202709317327e-5,3.500914878433274e-5,5.26704189651189e-7,3.0437026226885685e-7,8.089365710000286e-7
incremental,3.962285077992451e-5,3.953538026044424e-5,3.973605079486402e-5,3.3447770643050424e-7,2.623241874958551e-7,4.3384991989425393e-7
