Name,Mean,MeanLB,MeanUB,Stddev,StddevLB,StddevUB
from_scratch,4.161883861531784e-4,4.154274243006281e-4,4.17390615400283e-4,3.0781491205791165e-6,2.0953030099419204e-6,4.768015170830043e-6
caching,1.335625780567956e-3,1.3331650628787748e-3,1.3385465780897032e-3,9.568213861418136e-6,7.497234174905789e-6,1.3631844829406338e-5
incremental,6.742582427140284e-4,6.732254613110405e-4,6.757298762947653e-4,4.091979368879e-6,2.8739158764662985e-6,6.389561258243259e-6
