Name,Mean,MeanLB,MeanUB,Stddev,StddevLB,StddevUB
from_scratch,1.1413020950661406e-5,1.1397929303269988e-5,1.142954230576399e-5,5.297107760664154e-8,4.284257826365518e-8,6.612628214370815e-8
caching,3.427067931230763e-5,3.421379518713546e-5,3.433892503437462e-5,2.117533061338124e-7,1.7136214249579912e-7,2.628425242122013e-7
incremental,1.4545701679553058e-5,1.4524357176280026e-5,1.4570001923917205e-5,7.659591413113948e-8,6.337546512757473e-8,9.951293585823579e-8
