Name,Mean,MeanLB,MeanUB,Stddev,StddevLB,StddevUB
from_scratch,1.1455801511831697e-5,1.1436230845027855e-5,1.1474771606886541e-5,6.723293054295961e-8,5.581120046004696e-8,8.068192807913512e-8
caching,3.41220544853253e-5,3.404564524068681e-5,3.422278519956483e-5,2.772690649881547e-7,2.0673223367156687e-7,3.764006773779236e-7
incremental,1.434498027760918e-5,1.430777662416923e-5,1.4382819454073044e-5,1.2467787256348e-7,1.0181442570195642e-7,1.673061225098909e-7
