Name,Mean,MeanLB,MeanUB,Stddev,StddevLB,StddevUB
from_scratch,1.4748153412458325e-4,1.4731707263136468e-4,1.4765917757178504e-4,5.722255574675866e-7,4.6746570780472416e-7,7.572806505551555e-7
caching,4.423429740987641e-4,4.4175045351800107e-4,4.431153121564319e-4,2.336032173194356e-6,1.891120821955534e-6,3.1439360083658774e-6
incremental,3.9152125074124215e-4,3.9096288434975604e-4,3.92210134101595e-4,2.028699932846842e-6,1.6317288231481874e-6,2.5691818040341273e-6
