Name,Mean,MeanLB,MeanUB,Stddev,StddevLB,StddevUB
from_scratch,1.4661448613305836e-4,1.4622938724093075e-4,1.4700658502618083e-4,1.2581077700466644e-6,1.0597271773919268e-6,1.55463690675815e-6
caching,4.510754925789823e-4,4.4996737371216566e-4,4.525687094881285e-4,4.262191443395807e-6,2.9547122963295996e-6,7.021374726218094e-6
incremental,3.8868244990668564e-4,3.8784478456544265e-4,3.8999582044470243e-4,3.340034414733769e-6,2.7249633330916338e-6,4.400024267832193e-6
