Name,Mean,MeanLB,MeanUB,Stddev,StddevLB,StddevUB
from_scratch,8.942977509443417e-5,8.928341872082356e-5,8.957696656442087e-5,5.074054653090469e-7,4.0124557546469695e-7,6.554339008039259e-7
caching,1.292884673824628e-4,1.291235884100581e-4,1.2946049731635126e-4,5.778840443178466e-7,4.4536569958593884e-7,8.691541121675328e-7
incremental,6.726095156927957e-6,6.717490818137891e-6,6.7379067151089236e-6,3.122565159981952e-8,2.505720464501117e-8,4.196968663727656e-8
