Name,Mean,MeanLB,MeanUB,Stddev,StddevLB,StddevUB
from_scratch,2.4559334799012615e-3,2.4510079774793616e-3,2.4617360005921955e-3,1.7388381554565626e-5,1.3755050648602348e-5,2.359039067021009e-5
caching,4.543555982282644e-3,4.532948199909174e-3,4.556526616227365e-3,3.7200429721124505e-5,2.580809896156265e-5,5.682287230804361e-5
incremental,4.616033452161276e-5,4.6101426385839543e-5,4.623367488613342e-5,2.2980686098722604e-7,1.836385951673258e-7,2.946636126333223e-7
