Name,Mean,MeanLB,MeanUB,Stddev,StddevLB,StddevUB
from_scratch,0.15781065190502375,0.15606487367530258,0.15892611408517474,2.0235786579389705e-3,9.720657825738003e-4,3.094130055596582e-3
caching,0.22613840284239914,0.2212988043617871,0.23566644253830116,9.767959295585462e-3,3.7597921886181763e-3,1.4119417374817061e-2
incremental,9.78759416306732e-6,9.757888734624893e-6,9.84193476729392e-6,1.3508106908485367e-7,9.320831106356114e-8,1.858335105791319e-7
