Name,Mean,MeanLB,MeanUB,Stddev,StddevLB,StddevUB
from_scratch,1.946055494179e-4,1.9420991290970146e-4,1.9501597506454442e-4,1.397327953612719e-6,1.1799934151651507e-6,1.7379149340489988e-6
caching,2.73447279081066e-4,2.728949221866987e-4,2.74254154516091e-4,2.1692264086716383e-6,1.5159846690389853e-6,3.267006707470657e-6
incremental,4.3793621488130604e-5,4.3599470262596896e-5,4.463067157757806e-5,1.1538824406686327e-6,2.1087446682674151e-7,2.623833922728985e-6
