Name,Mean,MeanLB,MeanUB,Stddev,StddevLB,StddevUB
from_scratch,0.26831620205193757,0.26750855445861815,0.2704378204420209,1.626304421626166e-3,2.0026491833576346e-4,2.1036997983679725e-3
caching,0.48316631993899745,0.47280556708574295,0.48990623125185573,1.101721423239818e-2,6.307576041742062e-3,1.55651584431717e-2
incremental,5.1744646947451676e-5,5.159637356380067e-5,5.1946493122208656e-5,5.918899318354473e-7,4.58118165297994e-7,7.747968136537034e-7
