Name,Mean,MeanLB,MeanUB,Stddev,StddevLB,StddevUB
from_scratch,2.1150776122270533e-5,2.1075213514266936e-5,2.123092116655446e-5,2.646668501431489e-7,2.1070485362017405e-7,3.289883834521455e-7
caching,6.896110904906117e-5,6.867384891635068e-5,6.922138611310925e-5,9.6383994826122e-7,7.640303076385296e-7,1.2706965384334946e-6
incremental,1.1274336098574396e-4,1.1200603619224446e-4,1.1359859130837076e-4,2.7253178317118515e-6,2.226691747076017e-6,3.120000505930122e-6
