Name,Mean,MeanLB,MeanUB,Stddev,StddevLB,StddevUB
from_scratch,5.68625509418479e-4,5.678620032553676e-4,5.693246603363302e-4,2.5306558719153892e-6,2.121736605417044e-6,3.2658579660154255e-6
caching,9.106110129592677e-4,9.083873750880962e-4,9.13615418193012e-4,8.62548502140172e-6,7.403610917443586e-6,1.0283961576183675e-5
incremental,7.550185465522592e-6,7.538641439164737e-6,7.562942950177394e-6,3.891560243255794e-8,3.211872676361871e-8,5.5627414894327064e-8
