Name,Mean,MeanLB,MeanUB,Stddev,StddevLB,StddevUB
from_scratch,1.093794957708288e-3,1.0917291789848545e-3,1.0961551046726917e-3,7.459634205051508e-6,5.449192792543295e-6,1.0062001727705045e-5
caching,1.9383005615459593e-3,1.9322601400149596e-3,1.9461028581241858e-3,2.4351289395099228e-5,1.92029637026009e-5,3.1149818107900986e-5
incremental,4.5070745888916374e-5,4.496263578181331e-5,4.520050396214284e-5,4.072588302985218e-7,3.600729069669037e-7,4.6663983782119976e-7
