Name,Mean,MeanLB,MeanUB,Stddev,StddevLB,StddevUB
from_scratch,5.69039105111266e-7,5.667529487974201e-7,5.725461487273772e-7,8.859568170380673e-9,6.1262237996983834e-9,1.210615459663912e-8
caching,1.926314663919216e-6,1.918180750510381e-6,1.9448552395886394e-6,3.891089022912993e-8,1.618530136718403e-8,7.065331660334308e-8
incremental,8.599068938929945e-6,8.587367574565699e-6,8.613269785402887e-6,4.4263883647196644e-8,3.693015975611528e-8,5.424988369913792e-8
