Name,Mean,MeanLB,MeanUB,Stddev,StddevLB,StddevUB
from_scratch,8.471857160674242e-5,8.438130477880489e-5,8.515137079970539e-5,1.277354354345676e-6,1.0549253231223525e-6,1.4862839836619915e-6
caching,2.524106965405784e-4,2.5188677251683305e-4,2.5325898419346064e-4,2.266711846030996e-6,1.6730525612183046e-6,3.211015736707856e-6
incremental,3.472200426968747e-5,3.4658656561705786e-5,3.48221292302082e-5,2.6558212509835694e-7,1.5532139388720691e-7,4.056378578530168e-7
