Name,Mean,MeanLB,MeanUB,Stddev,StddevLB,StddevUB
from_scratch,1.4527540705166757,1.4206607695668936,1.4807646004483104,3.530730135527689e-2,1.627836935222149e-2,4.589090612974691e-2
caching,1.9426694459592302,1.8615947825213273,1.9713640930131078,5.4850717791763065e-2,8.692555056673962e-5,6.626744880342998e-2
incremental,1.0890079349565322e-5,1.0872211823911857e-5,1.091201737676582e-5,6.641902226115034e-8,5.405613320430914e-8,8.684789582176601e-8
