Name,Mean,MeanLB,MeanUB,Stddev,StddevLB,StddevUB
from_scratch,8.44965090877684e-5,8.418998022480999e-5,8.51815940050583e-5,1.4024955505819054e-6,6.380726153740799e-7,2.5280700098459114e-6
caching,1.1797581919758013e-4,1.176305879774404e-4,1.1852924438553074e-4,1.4416483127254206e-6,1.0408348060346465e-6,2.0734222574000436e-6
incremental,3.918494990274511e-5,3.91168449066198e-5,3.9307059274477174e-5,3.0049034962127326e-7,1.6961242691619306e-7,4.707638332913277e-7
