Name,Mean,MeanLB,MeanUB,Stddev,StddevLB,StddevUB
from_scratch,4.185823841910784e-4,4.1761144615881657e-4,4.2009811687393657e-4,4.134116197916864e-6,3.0552240559168773e-6,6.64856875148458e-6
caching,1.3435945395042642e-3,1.3398693520178817e-3,1.3483347803515927e-3,1.4250207840048382e-5,1.1900881525548963e-5,1.6872541121425107e-5
incremental,5.8516758769180286e-5,5.840931192596785e-5,5.871721388632949e-5,5.044775682536903e-7,3.0485153049321704e-7,8.197642489078912e-7
