Name,Mean,MeanLB,MeanUB,Stddev,StddevLB,StddevUB
from_scratch,1.5335525864995845e-3,1.529735466404734e-3,1.5375872386973423e-3,1.3573088383116512e-5,1.0311995205132422e-5,1.820303752545143e-5
caching,3.5272743419914984e-3,3.515719834267528e-3,3.5474297218032478e-3,4.8178918891030186e-5,2.9463393496381735e-5,7.948994660409452e-5
incremental,1.1388002923747468e-4,1.136413172887031e-4,1.1415780217860596e-4,8.130021669032555e-7,6.808681269806756e-7,9.892806855041688e-7
