Name,Mean,MeanLB,MeanUB,Stddev,StddevLB,StddevUB
from_scratch,1.5665431071638753e-3,1.5625681853201913e-3,1.5717781883156777e-3,1.532861265111139e-5,1.1399638144557937e-5,2.1600786812524337e-5
caching,3.5735533946961292e-3,3.5676828435780615e-3,3.5802997071316812e-3,2.0672151799072953e-5,1.6823741289079082e-5,2.5711702170127345e-5
incremental,1.1761817500008728e-4,1.1747325321490804e-4,1.177711748004259e-4,4.909627184788818e-7,3.7494794039432846e-7,6.519299088631704e-7
