Name,Mean,MeanLB,MeanUB,Stddev,StddevLB,StddevUB
from_scratch,3.612884514020698e-2,3.598830987068369e-2,3.6299665238036204e-2,3.2748085149204983e-4,2.3090912872886983e-4,5.331825500406956e-4
caching,4.9992324111612405e-2,4.9144080782638815e-2,5.1156871972119926e-2,1.9041043840362548e-3,5.13769244377234e-4,3.2476917590826505e-3
incremental,9.056626783649155e-6,9.040685980721272e-6,9.076121952631078e-6,6.137011612919146e-8,5.0462548987126196e-8,7.518527194542004e-8
