Name,Mean,MeanLB,MeanUB,Stddev,StddevLB,StddevUB
from_scratch,3.1095231320351583e-4,3.105496267119237e-4,3.1145083822488166e-4,1.5204887458248185e-6,1.2557927245829996e-6,1.9348166752565473e-6
caching,4.7410608231750006e-4,4.7352439637556834e-4,4.751095536129293e-4,2.7232762065236274e-6,2.091933455636667e-6,4.046574533412081e-6
incremental,7.556897279589631e-6,7.544474784085267e-6,7.5732366447825095e-6,4.643983719745061e-8,3.841276045506786e-8,6.254577022954624e-8
