Name,Mean,MeanLB,MeanUB,Stddev,StddevLB,StddevUB
from_scratch,4.07299355700598e-2,4.023484531011383e-2,4.1711087967195214e-2,1.427730037746753e-3,8.230585472251028e-4,2.2590653263410156e-3
caching,8.692399386745242e-2,8.587179453008704e-2,8.879470791490304e-2,2.3772677582922317e-3,8.32942563100982e-4,3.058163804947139e-3
incremental,1.0134196611400787e-2,9.90063806998199e-3,1.0489694087388422e-2,7.707791038921742e-4,5.396275212110264e-4,1.1584018620986892e-3
