Name,Mean,MeanLB,MeanUB,Stddev,StddevLB,StddevUB
from_scratch,4.467068398698956e-4,4.462412076755327e-4,4.4722104386633047e-4,1.6566848542626226e-6,1.3598654212939297e-6,2.1257185810486406e-6
caching,6.806501211454109e-4,6.79191236913727e-4,6.821588575643324e-4,4.675395128190668e-6,3.695321705003022e-6,6.262849784917464e-6
incremental,4.192855881618938e-5,4.185624388409216e-5,4.202542945151446e-5,2.7853355071559043e-7,1.9171671808952707e-7,4.4014107152583847e-7
