Name,Mean,MeanLB,MeanUB,Stddev,StddevLB,StddevUB
from_scratch,1.198595108076309,1.1849985532462597,1.2044788737936565,1.0128069267460611e-2,3.4061182993116237e-3,1.3587974883036954e-2
caching,2.0261927516354867,1.9817361401704452,2.0706493631005287,5.533341281441046e-2,2.5094419717788696e-2,6.766347992771274e-2
incremental,5.4080384573699496e-5,5.395645839000076e-5,5.4283293789750694e-5,5.42793190659058e-7,3.938746486430452e-7,8.58564469113253e-7
