Name,Mean,MeanLB,MeanUB,Stddev,StddevLB,StddevUB
from_scratch,1.569572305846572e-5,1.565714861383007e-5,1.5752593283177673e-5,1.568544841486779e-7,1.1823783991998029e-7,2.036259723105217e-7
caching,2.3981833403611686e-5,2.3934730256779896e-5,2.404175303302906e-5,1.769419968128721e-7,1.3191808573534304e-7,2.6631092413635576e-7
incremental,3.745645451466117e-5,3.7325620503439645e-5,3.7642152053760265e-5,5.40434872280827e-7,3.8741809578456277e-7,7.054249250490171e-7
