Name,Mean,MeanLB,MeanUB,Stddev,StddevLB,StddevUB
from_scratch,0.17506326175212455,0.16715716385111518,0.18396650310479054,1.2075905164158669e-2,7.597554941967911e-3,1.7121653294203978e-2
caching,0.36573144304566085,0.35438439762219787,0.3827159069478512,1.622331598936549e-2,4.115799441933632e-3,2.1452363087511278e-2
incremental,2.3906447149377674e-2,2.251467176239417e-2,2.5474979101690706e-2,3.150407358434632e-3,2.352142933665679e-3,4.627685363239076e-3
