Name,Mean,MeanLB,MeanUB,Stddev,StddevLB,StddevUB
from_scratch,1.4127087983621087e-4,1.4108282573557605e-4,1.4152933319688688e-4,7.646451452286173e-7,5.797149489995806e-7,1.0875931353079835e-6
caching,2.0763174038767853e-4,2.073420821849033e-4,2.0787756353968638e-4,8.968843470462089e-7,7.201744251235513e-7,1.2138761046245924e-6
incremental,7.179194202879841e-6,7.168431399737386e-6,7.190186300115182e-6,3.850773870691828e-8,3.263410222404633e-8,4.757835845819145e-8
