Name,Mean,MeanLB,MeanUB,Stddev,StddevLB,StddevUB
from_scratch,0.17889710518651875,0.17355608135005648,0.18933298784707273,9.727655286716813e-3,4.776346871781719e-3,1.4133472490562128e-2
caching,0.3823127717866252,0.3698951262049377,0.3966480630915612,1.5351499618373142e-2,7.246907876781557e-3,2.13601091157266e-2
incremental,1.5829638669134817e-3,1.5383479705371281e-3,1.7038359195101149e-3,2.2726517038474387e-4,8.787633581710405e-5,4.69713318428458e-4
