Name,Mean,MeanLB,MeanUB,Stddev,StddevLB,StddevUB
from_scratch,3.7487409437593846e-4,3.74055062426486e-4,3.7584081449528616e-4,2.9077127222030053e-6,2.2905571930458954e-6,3.9687719278225346e-6
caching,1.2663388168284565e-3,1.2593820476472306e-3,1.272833177804342e-3,2.2054948924256608e-5,1.891131778680007e-5,2.773650104554161e-5
incremental,6.503832779331802e-4,6.462037679570064e-4,6.583377241536264e-4,1.969643653750697e-5,9.907243404095477e-6,3.0594895878729334e-5
