Name,Mean,MeanLB,MeanUB,Stddev,StddevLB,StddevUB
from_scratch,3.8114395241206536e-4,3.804162477905057e-4,3.820938342420143e-4,2.775714596849571e-6,1.9786168489949496e-6,4.381047987117354e-6
caching,1.2623469637363305e-3,1.255785266966574e-3,1.268642903372205e-3,2.229710737278187e-5,1.9243273296360086e-5,2.6051285074111258e-5
incremental,6.554769738666351e-4,6.545209137128393e-4,6.56647896765954e-4,3.3693854677088126e-6,2.7798018321303778e-6,4.3116462232157766e-6
