Name,Mean,MeanLB,MeanUB,Stddev,StddevLB,StddevUB
from_scratch,2.2377308527746543e-6,2.2296939966690555e-6,2.2474477314533633e-6,3.028701745719338e-8,2.3476676367590926e-8,3.607771931892311e-8
caching,3.2865808397398584e-6,3.261714815277078e-6,3.3577427305760483e-6,1.274682710169772e-7,5.6070837495910835e-8,2.86884000787053e-7
incremental,4.515570175450509e-6,4.472954407587246e-6,4.561802951561718e-6,1.4619376763470653e-7,1.255329221718101e-7,1.6690347481908607e-7
