Name,Mean,MeanLB,MeanUB,Stddev,StddevLB,StddevUB
from_scratch,2.5249588348436394e-4,2.5215507759919806e-4,2.5278008769637444e-4,1.023173131309552e-6,7.992647640849912e-7,1.4301460292273607e-6
caching,3.8183624034031095e-4,3.813800917817358e-4,3.8231627504185697e-4,1.6123055825562827e-6,1.398227785842613e-6,2.039634299497501e-6
incremental,7.175336380051933e-6,7.165308867075622e-6,7.184666621289655e-6,3.089145880605339e-8,2.475425123111485e-8,3.863625865303552e-8
