Name,Mean,MeanLB,MeanUB,Stddev,StddevLB,StddevUB
from_scratch,2.498645122754928e-3,2.4865099932329057e-3,2.5093104021836135e-3,4.0617082529168775e-5,3.189784199908928e-5,4.9678552024059474e-5
caching,5.261863154630429e-3,5.2425263971419235e-3,5.276996816644927e-3,5.3954125341668426e-5,4.0730173205747824e-5,7.550832507862854e-5
incremental,1.8218157668707673e-3,1.8150582927159208e-3,1.8295321850104276e-3,2.4670126518752553e-5,1.997032695334619e-5,3.116387890436203e-5
