Name,Mean,MeanLB,MeanUB,Stddev,StddevLB,StddevUB
from_scratch,2.5277001635016254,2.502361264079809,2.56446998900113,3.470681892197919e-2,2.851613167309669e-4,4.2600717958754815e-2
caching,4.177648438606411,4.085757981985807,4.309826684184372,0.13880161937263996,2.6270183734595776e-2,0.18187772416179332
incremental,5.70885097112889e-5,5.7023242609587164e-5,5.722180691489124e-5,3.0405156151859605e-7,1.7022894052973195e-7,5.082202365454842e-7
