Name,Mean,MeanLB,MeanUB,Stddev,StddevLB,StddevUB
from_scratch,5.1733379114122874e-5,5.1427888103542395e-5,5.210105846654792e-5,1.1028523704109557e-6,1.0015176280577383e-6,1.2666644016655295e-6
caching,6.535429040660545e-5,6.493245895320718e-5,6.576331375338335e-5,1.4612345571436659e-6,1.2742373030191894e-6,1.744491580989074e-6
incremental,6.114834965529572e-6,6.092840788070051e-6,6.147941050218403e-6,9.099049481078166e-8,6.761873272970571e-8,1.230375346161035e-7
