Name,Mean,MeanLB,MeanUB,Stddev,StddevLB,StddevUB
from_scratch,2.2525971731550347e-5,2.2413322319890488e-5,2.2630508852860668e-5,3.498621806072018e-7,2.8760110924109475e-7,4.4459225975613655e-7
caching,7.115672093530403e-5,7.068125044088119e-5,7.16290330934134e-5,1.5707084883087695e-6,1.301002022648315e-6,1.8234927330793803e-6
incremental,1.745295562247351e-5,1.7416439512023487e-5,1.7494213443195748e-5,1.30433507321201e-7,1.0923099727489925e-7,1.6381852329523832e-7
