Name,Mean,MeanLB,MeanUB,Stddev,StddevLB,StddevUB
from_scratch,3.2532640732356506e-7,3.244672352093558e-7,3.277116547096105e-7,4.282365023287945e-9,1.8946150366348945e-9,8.981424121670263e-9
caching,1.2954532360788576e-6,1.2926955131519067e-6,1.299553943427626e-6,1.1820926752230748e-8,8.189132244188308e-9,1.6606072912140386e-8
incremental,2.0728607718078994e-6,2.0662003807494606e-6,2.082583439740715e-6,2.661893329361341e-8,1.9948528793551443e-8,4.2978700836017265e-8
