Name,Mean,MeanLB,MeanUB,Stddev,StddevLB,StddevUB
from_scratch,2.826014488048782e-7,2.8086154454396554e-7,2.8435472540748904e-7,5.5904833048859625e-9,5.1057912133619455e-9,6.524562109860398e-9
caching,1.1765477269249411e-6,1.1709491606970763e-6,1.181299779894768e-6,1.695479031419937e-8,1.4194999810077641e-8,2.1262038428382245e-8
incremental,2.204912314870217e-6,2.195905775361575e-6,2.2230767535415245e-6,4.112553445067032e-8,2.298281197343593e-8,7.24661673505242e-8
