Name,Mean,MeanLB,MeanUB,Stddev,StddevLB,StddevUB
from_scratch,2.8897264220594407e-7,2.8861998502896874e-7,2.894213784792338e-7,1.3541904120446548e-9,1.0480783590701672e-9,1.967083982269099e-9
caching,1.26966734179584e-6,1.2651386965028849e-6,1.2725054975202045e-6,1.2131154142241284e-8,9.167641974073696e-9,1.667613839520143e-8
incremental,2.4490070673794437e-6,2.4461386168910927e-6,2.452363481638518e-6,1.0777743257861643e-8,8.949983840742762e-9,1.331180378972446e-8
