Name,Mean,MeanLB,MeanUB,Stddev,StddevLB,StddevUB
from_scratch,2.535744153382098e-4,2.5269835875193797e-4,2.5435032791778356e-4,2.6131881673843537e-6,2.0633135902011082e-6,3.458850076624837e-6
caching,7.874343364740545e-4,7.856668682413536e-4,7.899325141656674e-4,6.999598985390204e-6,5.506737819059798e-6,8.756787556438452e-6
incremental,5.365899380046881e-5,5.35799758455715e-5,5.37205425505086e-5,2.2415961262886006e-7,1.865787897786181e-7,2.700899306667652e-7
