Name,Mean,MeanLB,MeanUB,Stddev,StddevLB,StddevUB
from_scratch,2.495231900311211e-4,2.4860355717635173e-4,2.50641232113542e-4,3.3203160328745818e-6,2.3770707989059833e-6,5.24667000770991e-6
caching,7.851270923606724e-4,7.834182192806233e-4,7.870053439578502e-4,6.1736499370742296e-6,5.177123230860305e-6,8.333289414658376e-6
incremental,5.247572236145027e-5,5.2377395581064186e-5,5.261647812133522e-5,4.101792844941204e-7,3.0701712608744303e-7,6.384574479557394e-7
