Name,Mean,MeanLB,MeanUB,Stddev,StddevLB,StddevUB
from_scratch,1.0619415047484086e-2,1.0510322584376165e-2,1.0754057489712664e-2,3.296917201631306e-4,2.6975472894531316e-4,4.224279369788153e-4
caching,2.6260150448510926e-2,2.410845679507259e-2,2.899862474928042e-2,5.425640273950491e-3,4.016940925951487e-3,6.40332788830558e-3
incremental,4.556752447746201e-3,4.531176337646283e-3,4.584902612924969e-3,8.13277186868268e-5,6.482339563372703e-5,1.0800284434227114e-4
