Name,Mean,MeanLB,MeanUB,Stddev,StddevLB,StddevUB
from_scratch,5.771878453239462e-2,5.74434118651565e-2,5.7901815509449596e-2,4.286434116345758e-4,2.3995361236161023e-4,7.277374903255193e-4
caching,0.10360172657342054,0.10181210142456823,0.10812530388917635,4.44992416602725e-3,1.5909110018828805e-3,7.28890064059012e-3
incremental,4.941478972944611e-5,4.929573942734401e-5,4.956172346886263e-5,4.6508096089514005e-7,3.831542110523302e-7,6.118052872189105e-7
