Name,Mean,MeanLB,MeanUB,Stddev,StddevLB,StddevUB
from_scratch,3.7053697559919184e-3,3.6992273975980498e-3,3.71170816479066e-3,1.9066846178931815e-5,1.5599834050044234e-5,2.3851158320418274e-5
caching,6.617766452149039e-3,6.602069013704372e-3,6.635124676492352e-3,4.9505726687568885e-5,3.494918096240781e-5,7.181213256286414e-5
incremental,4.7156734772850495e-5,4.7069483136233493e-5,4.723914286974184e-5,2.926688385368724e-7,2.450152747475695e-7,3.531709976134314e-7
