Name,Mean,MeanLB,MeanUB,Stddev,StddevLB,StddevUB
from_scratch,1.1054704649726343e-3,1.1025009991994775e-3,1.108862470694103e-3,1.0791434474858304e-5,8.69460110470117e-6,1.3973806644541122e-5
caching,2.8521476589983634e-3,2.842884847219116e-3,2.8600871817648964e-3,2.8907406818607287e-5,2.351554868492373e-5,3.544196662248577e-5
incremental,1.1150013318011974e-3,1.1113142701073386e-3,1.118887667550578e-3,1.2775060985724355e-5,9.933600677420482e-6,1.6210131879713332e-5
