Name,Mean,MeanLB,MeanUB,Stddev,StddevLB,StddevUB
from_scratch,1.1304034252644355e-3,1.1280399504003202e-3,1.1336228481998952e-3,8.919141611531496e-6,6.421465642328504e-6,1.410201063260841e-5
caching,2.8752266868691035e-3,2.8674953523086942e-3,2.883894669406317e-3,2.7134264004708067e-5,2.2573829130385638e-5,3.411491092419306e-5
incremental,1.132651365399284e-3,1.1295945464341848e-3,1.1371186123502754e-3,1.1695123629734346e-5,8.884946795518492e-6,1.585985697179559e-5
