Name,Mean,MeanLB,MeanUB,Stddev,StddevLB,StddevUB
from_scratch,1.0994388066826315e-5,1.0965274587504131e-5,1.104979588937624e-5,1.2778253559042088e-7,8.368968873546441e-8,2.375741543645487e-7
caching,1.3763686847635001e-5,1.3737554376275779e-5,1.3797659885285488e-5,9.87829320261177e-8,7.232738539556835e-8,1.41204646597763e-7
incremental,5.8431239333705595e-6,5.829791296477425e-6,5.8674283473886e-6,5.82710868128766e-8,3.741010727803825e-8,1.0112698754136185e-7
