Name,Mean,MeanLB,MeanUB,Stddev,StddevLB,StddevUB
from_scratch,5.318685007167578e-6,5.304459652723954e-6,5.342353040705506e-6,5.5391735934453016e-8,3.8900126696590504e-8,8.35850621742237e-8
caching,1.6225732148735533e-5,1.618929611563205e-5,1.6285541309495116e-5,1.5295155631723412e-7,1.0605746690014979e-7,2.1727819966504173e-7
incremental,4.5995813991020484e-5,4.589978350496139e-5,4.6107153330971446e-5,3.531719929065251e-7,2.6785121205971774e-7,5.095465385188742e-7
