Name,Mean,MeanLB,MeanUB,Stddev,StddevLB,StddevUB
from_scratch,5.9380736432219e-3,5.926519650542027e-3,5.949218616018825e-3,3.429758069143827e-5,2.6599879596731698e-5,4.601368522516814e-5
caching,1.0092087915273383e-2,1.002368624993216e-2,1.014899336175925e-2,1.5179665703106822e-4,1.2283447680288328e-4,2.1615673567529614e-4
incremental,4.749747077470247e-5,4.7416671537160055e-5,4.7626745337932006e-5,3.3117221838240543e-7,2.155901935095073e-7,4.506451891396059e-7
