Name,Mean,MeanLB,MeanUB,Stddev,StddevLB,StddevUB
from_scratch,4.7449763585380195e-6,4.728689441335474e-6,4.767624571636274e-6,6.38455007349395e-8,4.49519550099666e-8,9.126593143798661e-8
caching,6.340729703725308e-6,6.32694200430202e-6,6.366130576618528e-6,6.057585865145673e-8,3.737377893924403e-8,9.716019866975474e-8
incremental,4.85073005048492e-6,4.832781413281239e-6,4.878123933470114e-6,7.46230163568345e-8,5.0763179050621015e-8,1.0488906795787663e-7
