Name,Mean,MeanLB,MeanUB,Stddev,StddevLB,StddevUB
from_scratch,1.9552597300043337e-4,1.9519701772396304e-4,1.958063130130573e-4,1.0649708063952613e-6,8.728493813479252e-7,1.4685925225227608e-6
caching,2.912336592997894e-4,2.908019155195815e-4,2.9160580207406896e-4,1.367213392662989e-6,1.1303338531142108e-6,1.7547291917332123e-6
incremental,7.181564025807886e-6,7.172435416040282e-6,7.192859566351979e-6,3.412075501089009e-8,2.8254753459380078e-8,4.473457965856721e-8
