Name,Mean,MeanLB,MeanUB,Stddev,StddevLB,StddevUB
from_scratch,5.361283085308969,5.2540277922526,5.425158777274191,0.10652180659430215,4.733369433393099e-2,0.14751459180317897
caching,8.41318197757937,8.340005006408319,8.510140369879082,9.608256044391757e-2,3.425789778084066e-2,0.1309702638646931
incremental,5.6719146831279784e-5,5.660254528634195e-5,5.690989037265888e-5,5.034647047348839e-7,2.9468698753704576e-7,7.835941030686172e-7
