Name,Mean,MeanLB,MeanUB,Stddev,StddevLB,StddevUB
from_scratch,1.9578710572298454e-4,1.9525265491612955e-4,1.9655486166534733e-4,2.0968076045397375e-6,1.6293463963067885e-6,2.66687819712488e-6
caching,2.7801725103157116e-4,2.774841720043069e-4,2.7878465033751883e-4,2.0567739638970287e-6,1.642491658057184e-6,2.6614502604486524e-6
incremental,4.0829732717229824e-5,4.072849383151013e-5,4.097008404345293e-5,3.950487756028866e-7,2.8191514042365636e-7,5.47598406587693e-7
