Name,Mean,MeanLB,MeanUB,Stddev,StddevLB,StddevUB
from_scratch,3.529040938280967e-4,3.5231799344406615e-4,3.53832721512399e-4,2.5514357669234266e-6,1.7828754979010354e-6,3.856882475004502e-6
caching,5.179690899819778e-4,5.160791558152642e-4,5.220527365306623e-4,8.701153918757336e-6,3.979656868325592e-6,1.5427231152792402e-5
incremental,4.382846934180846e-5,4.375000774779452e-5,4.3933026499938794e-5,3.017667300233075e-7,2.3749655618700434e-7,4.053725364252846e-7
