Name,Mean,MeanLB,MeanUB,Stddev,StddevLB,StddevUB
from_scratch,3.473726530245457e-4,3.467676240919443e-4,3.4797878616786104e-4,2.146310170071523e-6,1.6942422648159966e-6,2.8417327704791232e-6
caching,5.102815843351888e-4,5.088847795154309e-4,5.118768748676703e-4,4.947858979825172e-6,3.915280319588776e-6,6.438830230501267e-6
incremental,4.2660349415348585e-5,4.249858970358563e-5,4.295505258552091e-5,7.169669396738822e-7,4.2779126943956313e-7,1.0376505500572152e-6
