Name,Mean,MeanLB,MeanUB,Stddev,StddevLB,StddevUB
from_scratch,2.390508468775265e-5,2.386379399868738e-5,2.3953651157932295e-5,1.416865478335999e-7,1.0792433466706141e-7,1.8810646137316006e-7
caching,2.9629978996904147e-5,2.955352889916366e-5,2.9788048109778226e-5,3.752869666319472e-7,2.4105505608328354e-7,6.136332493121999e-7
incremental,5.843736733113032e-6,5.832914164161715e-6,5.867929775310269e-6,5.2994104324242106e-8,2.923708242848996e-8,9.977472785968158e-8
