Name,Mean,MeanLB,MeanUB,Stddev,StddevLB,StddevUB
from_scratch,1.127882294281445e-4,1.1239710701723661e-4,1.1335136066321378e-4,1.5786793818933134e-6,1.3066239496965729e-6,1.8580169463915767e-6
caching,1.3948070618594705e-4,1.3895690366295092e-4,1.4018400940457983e-4,2.0304454867800184e-6,1.3822836460333435e-6,2.887046953129565e-6
incremental,6.422600551464679e-6,6.410386247168612e-6,6.435401245424034e-6,4.01668938691973e-8,3.338200821083821e-8,5.435284281290668e-8
