Name,Mean,MeanLB,MeanUB,Stddev,StddevLB,StddevUB
from_scratch,8.284618279065623e-5,8.271769603214621e-5,8.310168308216606e-5,6.070224157227108e-7,3.896633642435023e-7,1.0402596790400642e-6
caching,2.533289174631385e-4,2.528019689968968e-4,2.5405477122440756e-4,2.0121953058340752e-6,1.590025569240193e-6,2.9863177021801713e-6
incremental,2.706597717490981e-4,2.701998799175174e-4,2.712181574633748e-4,1.7544842040566868e-6,1.5243657355265897e-6,2.1529428321335264e-6
