Name,Mean,MeanLB,MeanUB,Stddev,StddevLB,StddevUB
from_scratch,8.260343878851978e-5,8.24913019481705e-5,8.271320550006205e-5,3.826124874064986e-7,2.9578099184655444e-7,5.038990332875407e-7
caching,2.4331859206159202e-4,2.43021506341235e-4,2.43688752820186e-4,1.1372180232783955e-6,8.942276052111971e-7,1.510642077860596e-6
incremental,2.755864941185802e-4,2.7506564765716353e-4,2.7609148406057836e-4,1.7539148546616752e-6,1.33532364552045e-6,2.2712405206058873e-6
