Name,Mean,MeanLB,MeanUB,Stddev,StddevLB,StddevUB
from_scratch,2.4773377987071725e-3,2.4602547097020543e-3,2.492455982850513e-3,5.6691544580680555e-5,4.8258896787463074e-5,6.905379142418913e-5
caching,5.294750515789118e-3,5.274670240796378e-3,5.324492714750376e-3,7.284582394536285e-5,5.141690343390229e-5,1.135110373126802e-4
incremental,1.3511507467720365e-4,1.3415184227651356e-4,1.3637041123366094e-4,3.72032497122322e-6,3.0767199923251923e-6,4.435053159408294e-6
