Name,Mean,MeanLB,MeanUB,Stddev,StddevLB,StddevUB
from_scratch,7.349027818487669e-2,7.211684501268947e-2,7.413840398990681e-2,1.6764952636587082e-3,5.566150113276293e-4,2.9098779248567883e-3
caching,0.10104316783530187,9.994652801779685e-2,0.1035347333074444,2.7997031529484583e-3,9.071447055523721e-4,4.447434956262926e-3
incremental,9.45569492859039e-6,9.422004867078878e-6,9.50256854476898e-6,1.3203182252116205e-7,9.678348240501058e-8,1.6784365631991339e-7
