Name,Mean,MeanLB,MeanUB,Stddev,StddevLB,StddevUB
from_scratch,1.825031648689295e-6,1.8216344669975523e-6,1.8290069688227342e-6,1.2111367715521321e-8,9.391939774940135e-9,1.5575455651576424e-8
caching,5.765053328525181e-6,5.727828372453469e-6,5.814226500730859e-6,1.4468460955688365e-7,1.118296124629174e-7,1.7441492478674125e-7
incremental,6.95322577473016e-6,6.940407594217427e-6,6.971974007903987e-6,5.404420176362014e-8,4.215338593654336e-8,7.427270839318959e-8
