Name,Mean,MeanLB,MeanUB,Stddev,StddevLB,StddevUB
from_scratch,8.234826322837823e-5,8.215911162178604e-5,8.259253292097535e-5,7.29415942085403e-7,5.672115470730806e-7,9.359646306308806e-7
caching,2.469106945744354e-4,2.4607385011679106e-4,2.480397661791724e-4,3.245768061305311e-6,2.6341502162255966e-6,4.2362133649064176e-6
incremental,2.6657964876449717e-4,2.6621691651952916e-4,2.669928229505581e-4,1.3175148073503745e-6,1.0515923573661987e-6,1.6656016665189334e-6
