Name,Mean,MeanLB,MeanUB,Stddev,StddevLB,StddevUB
from_scratch,1.7300922107681332e-6,1.7274123896437308e-6,1.7342167115056075e-6,1.0455131690314093e-8,7.331977357201022e-9,1.7855873079497143e-8
caching,5.1924474147292664e-6,5.179213506543766e-6,5.215683412596059e-6,5.794725532379931e-8,3.638307942330753e-8,8.170560560112026e-8
incremental,1.8027184747199186e-5,1.7990443914678524e-5,1.8076255251312916e-5,1.4047201889437036e-7,9.980012610336738e-8,2.0279789465325026e-7
