Name,Mean,MeanLB,MeanUB,Stddev,StddevLB,StddevUB
from_scratch,0.124085446235369,0.12376972114046414,0.12430861612804056,4.077630566613775e-4,2.219926558354436e-4,6.352413672647758e-4
caching,0.22228801015557512,0.21599355604913498,0.22910505427668493,8.694296540033921e-3,5.8707041455830855e-3,1.1897681411411934e-2
incremental,5.056259181170181e-5,5.0469623671967356e-5,5.0690411323100245e-5,3.7189443235703303e-7,2.6994195055181483e-7,5.310343346953355e-7
