Name,Mean,MeanLB,MeanUB,Stddev,StddevLB,StddevUB
from_scratch,7.803151928660142e-4,7.758821466799736e-4,7.860872961163134e-4,1.69028801846075e-5,1.3184020203097692e-5,2.4229567120879075e-5
caching,2.3410826706692345e-3,2.3346554798314703e-3,2.3470494497170383e-3,1.971260455311409e-5,1.542460015574814e-5,2.8217863658717908e-5
incremental,9.216164206301067e-5,9.199053488308837e-5,9.233478089766882e-5,5.85175126639478e-7,4.835782914722442e-7,7.676604733369518e-7
