Name,Mean,MeanLB,MeanUB,Stddev,StddevLB,StddevUB
from_scratch,7.958209520726942e-4,7.936036940625475e-4,7.989937445033351e-4,8.485023063418946e-6,6.434618811073398e-6,1.1451224891026277e-5
caching,2.387822525740581e-3,2.3747362729732453e-3,2.410147725656823e-3,5.766993075268157e-5,3.467920473818341e-5,8.288112588826251e-5
incremental,9.354572937725922e-5,9.341231929277163e-5,9.36758546749963e-5,4.2679957241190203e-7,3.395872087385742e-7,6.108838277189283e-7
