Name,Mean,MeanLB,MeanUB,Stddev,StddevLB,StddevUB
from_scratch,1.1040164830581912e-2,1.0945067792205953e-2,1.1133620378618451e-2,2.529699709063042e-4,2.0566721064302335e-4,3.1462735915313247e-4
caching,2.265328446908831e-2,2.2414386118953796e-2,2.2979803687814455e-2,6.434827594445885e-4,4.325313282383031e-4,9.141130358586586e-4
incremental,3.101690297079065e-4,3.0956709031942806e-4,3.109276201450471e-4,2.3343984818387455e-6,1.8028952748517053e-6,3.1100849758642255e-6
