Name,Mean,MeanLB,MeanUB,Stddev,StddevLB,StddevUB
from_scratch,4.1921500837977184e-5,4.185596930619208e-5,4.199469959126321e-5,2.314168344335791e-7,1.8791518471652127e-7,2.938921625950092e-7
caching,5.155479992619782e-5,5.1443638298718977e-5,5.1662305346486256e-5,3.546766474090384e-7,2.861226746236472e-7,4.887049227061784e-7
incremental,6.312498645763858e-6,6.297877985035876e-6,6.3338691041929916e-6,5.8267305328868664e-8,4.5299858809723465e-8,8.718422484961734e-8
