Name,Mean,MeanLB,MeanUB,Stddev,StddevLB,StddevUB
from_scratch,4.063115836378188e-5,4.0569447404686654e-5,4.0691068637526524e-5,1.9793816116194419e-7,1.6599795978973362e-7,2.396579873797362e-7
caching,5.8159440344909506e-5,5.8046657682481696e-5,5.8276809645866426e-5,3.7970672996590507e-7,2.9903714935896874e-7,4.953682733089992e-7
incremental,6.255774366350742e-6,6.244864796375094e-6,6.266993472750633e-6,3.636629463704004e-8,2.958022864134941e-8,4.733784583893348e-8
