Name,Mean,MeanLB,MeanUB,Stddev,StddevLB,StddevUB
from_scratch,2.490893523862024e-4,2.482687679057954e-4,2.49789849076424e-4,2.46217319897319e-6,2.039548029243778e-6,2.9659043822139816e-6
caching,7.771326940381338e-4,7.752164466379034e-4,7.790971772868681e-4,6.830919340453883e-6,5.2693040057569736e-6,9.773496507389664e-6
incremental,5.335326114377658e-4,5.321334493720262e-4,5.353333129343064e-4,5.194272721315053e-6,3.991238601568156e-6,7.063486112175014e-6
