Name,Mean,MeanLB,MeanUB,Stddev,StddevLB,StddevUB
from_scratch,2.5366018394459676e-4,2.52808671789029e-4,2.5431813136155435e-4,2.48208380858103e-6,1.9275134120975567e-6,3.2779256731708773e-6
caching,7.688768066778978e-4,7.672518407831037e-4,7.703115855772884e-4,5.136689816488731e-6,3.9238034189159754e-6,7.193870673762506e-6
incremental,5.388534654632373e-4,5.379755283169148e-4,5.398418007468126e-4,3.1760353203462967e-6,2.6283196615000255e-6,3.804544169136188e-6
