Name,Mean,MeanLB,MeanUB,Stddev,StddevLB,StddevUB
from_scratch,4.368503330587084e-3,4.36082681759354e-3,4.376598234982096e-3,2.5704748295989002e-5,2.042807587722135e-5,3.587584463118388e-5
caching,7.713631396063062e-3,7.679230005350505e-3,7.746218667856312e-3,9.574468632394295e-5,7.124536293143072e-5,1.3335477419091125e-4
incremental,4.555250514131752e-5,4.548989605138849e-5,4.562267794047436e-5,2.2714152500937372e-7,1.8622685141366538e-7,2.913091630434655e-7
