Name,Mean,MeanLB,MeanUB,Stddev,StddevLB,StddevUB
from_scratch,3.1297963026756157e-4,3.1217798733768054e-4,3.1416106647412626e-4,3.310134318159508e-6,2.53952310676238e-6,4.545227498401475e-6
caching,4.569643914832659e-4,4.544374978333044e-4,4.602226077700585e-4,1.0017599148481512e-5,6.680140223055756e-6,1.3459250376480122e-5
incremental,4.382191795951944e-5,4.3745082829433174e-5,4.3938502512225284e-5,3.07644630527494e-7,2.0167815093333648e-7,5.169623071082257e-7
