Name,Mean,MeanLB,MeanUB,Stddev,StddevLB,StddevUB
from_scratch,1.289748170884283e-3,1.2869476730106874e-3,1.2926641295568917e-3,9.590525643942128e-6,7.721672576359276e-6,1.2683919925259614e-5
caching,2.4218418998897965e-3,2.417294368976905e-3,2.4260149535335405e-3,1.4585918374974712e-5,1.178765791108939e-5,1.8848215819659683e-5
incremental,4.531451933940436e-5,4.524679545502684e-5,4.53809835405852e-5,2.1657471743293397e-7,1.8367158046429348e-7,2.701544508420252e-7
