Name,Mean,MeanLB,MeanUB,Stddev,StddevLB,StddevUB
from_scratch,7.709301998883492e-7,7.683595966990011e-7,7.745624435126705e-7,1.0169930727317493e-8,7.562700372250661e-9,1.319453083624368e-8
caching,2.6052086526289704e-6,2.6013184337466585e-6,2.610513719527891e-6,1.4883282064177664e-8,1.116749643522254e-8,2.0113389787337183e-8
incremental,4.778299611837794e-6,4.754874151907472e-6,4.80704365528707e-6,8.609307173281328e-8,7.346381022755301e-8,1.0022600244562785e-7
