Name,Mean,MeanLB,MeanUB,Stddev,StddevLB,StddevUB
from_scratch,6.467980502574111e-6,6.444839755341872e-6,6.522481224475397e-6,1.1521950161694995e-7,4.922191129040183e-8,2.165587243613791e-7
caching,1.145230103736724e-5,1.141743308011345e-5,1.1497542560508303e-5,1.3210555108872828e-7,1.0196486425147353e-7,1.662441982271491e-7
incremental,3.5669847574751974e-5,3.5595892671363234e-5,3.575317763399018e-5,2.7022305050913096e-7,2.1395180697340287e-7,3.600969432488699e-7
