Name,Mean,MeanLB,MeanUB,Stddev,StddevLB,StddevUB
from_scratch,3.723527906095233e-5,3.7168357732651926e-5,3.733719026010684e-5,2.702390717644148e-7,1.9894270405286938e-7,4.4910472275395233e-7
caching,4.5984236857177425e-5,4.589144860596313e-5,4.608170192489527e-5,3.151421822257266e-7,2.6359680352145974e-7,3.807784235498759e-7
incremental,6.317313098330679e-6,6.30262367464144e-6,6.338100723253772e-6,5.8455627203840915e-8,3.867650503213464e-8,9.783679218728771e-8
