Name,Mean,MeanLB,MeanUB,Stddev,StddevLB,StddevUB
from_scratch,5.73607636903619e-6,5.719380380486466e-6,5.765080642399981e-6,7.196762283443225e-8,4.591370921325763e-8,1.0614429499354004e-7
caching,1.7722368093937984e-5,1.769171953962953e-5,1.778001786916556e-5,1.3613760761393335e-7,8.154446597592362e-8,2.7701447917480427e-7
incremental,1.217606347860651e-5,1.203600893695833e-5,1.2297189815275478e-5,4.332136245366387e-7,3.86830652377752e-7,4.83813444235039e-7
