Name,Mean,MeanLB,MeanUB,Stddev,StddevLB,StddevUB
from_scratch,4.257131328621546e-2,4.207935525756963e-2,4.3548248720199245e-2,1.3692227757276802e-3,3.616546691753459e-4,2.16805307983836e-3
caching,9.060133871770212e-2,8.91567151962469e-2,9.243371326298941e-2,2.8921256286794515e-3,1.757638773785008e-3,3.95359904187909e-3
incremental,6.498337220087546e-4,6.444457331456874e-4,6.646813814683178e-4,2.7492059607432865e-5,1.0285149128246356e-5,5.3400560716774285e-5
