Name,Mean,MeanLB,MeanUB,Stddev,StddevLB,StddevUB
from_scratch,1.5128192306557919e-5,1.50987871872722e-5,1.5172509304328417e-5,1.326346635658887e-7,1.0543253234226875e-7,1.7901658458893573e-7
caching,1.8754108624004472e-5,1.8725715482171625e-5,1.8791836640557937e-5,1.0965254873766042e-7,8.81835103291401e-8,1.5157966412457481e-7
incremental,5.818130991452765e-6,5.8075130340696265e-6,5.838034165803282e-6,4.712076013745409e-8,3.144010075639846e-8,8.616149325397031e-8
