Name,Mean,MeanLB,MeanUB,Stddev,StddevLB,StddevUB
from_scratch,1.4702514193523405e-2,1.4628860214132795e-2,1.4761144887132104e-2,1.5229581977636579e-4,1.1125064635995886e-4,2.3558821095903687e-4
caching,2.0504012933277038e-2,2.0431130572333926e-2,2.0569948121582797e-2,1.5710314485454507e-4,1.2250549971847905e-4,2.2154182401546162e-4
incremental,8.911124455363961e-6,8.840354098795031e-6,8.991367717287332e-6,2.4418976489164343e-7,2.1989364296776637e-7,2.655238647956758e-7
