Name,Mean,MeanLB,MeanUB,Stddev,StddevLB,StddevUB
from_scratch,3.706067725974688e-4,3.6938649392104483e-4,3.7329663140487225e-4,5.848833249062193e-6,2.2654372518900606e-6,9.302787898041754e-6
caching,5.67379895626016e-4,5.666963803837766e-4,5.680293231972985e-4,2.311492139487729e-6,1.940913587195653e-6,2.978986112444251e-6
incremental,7.533666317087019e-6,7.5210437569867125e-6,7.545624015303995e-6,4.247626116220203e-8,3.489188424773625e-8,5.387284207302638e-8
